High Fidelity, Romantic - Music, 2000,csv/banner/High Fidelity.jpg
The Imitation Game,Drama/Thriller,2014,csv/banner/The Imitation Game.jpg
Forrest Gump, Comedy/Drama, 1994, csv/banner/Forrest Gump.jpg
Amistad,Drama/Mystery, 1997, csv/banner/Amistad.jpg
Snatch,Crime/Thriller,2000,csv/banner/Snatch.jpg
The Prestige,Science Fiction, 2006, csv/banner/The Prestige.jpg
Interstellar, Drama/Mystery,2014,csv/banner/Interstellar.jpg
Memento, Drama/Crime,2000,csv/banner/Memento.jpg
Child 44,Drama/Mystery,2015,csv/banner/Child 44.jpg
Inception,Science Fiction/Thriller,2010,csv/banner/Inception.jpg
12 Years Slave,Drama/History,2013,csv/banner/12 Years Slave.jpg
Seven,Drama/Mystery,1995,csv/banner/Seven.jpg
Meet Joe Black, Drama/Fantasy,1998, csv/banner/Meet Joe Black.jpg
Godfather I, Drama, 1974,csv/banner/Godfather I.jpg
Godfather II, Drama,1974,csv/banner/Godfather II.jpg
Godfather III, Drama, 1990,csv/banner/Godfather III.jpg
Back to the Future I, Fantastic, 1985,csv/banner/Back to the Future I.jpg
Back to the Future II, Fantastic, 1989,csv/banner/Back to the Future II.jpg
Back to the Future III, Fantastic, 1990,csv/banner/Back to the Future III.jpg
Into the wild, Drama, 2007,csv/banner/Into the wild.jpg
The Shawshank Redemption, Drama, 1994,/csv/banner/The Shawshank Redemption.jpg
The Mask, Comedy,1994,csv/banner/The Mask.jpg
The Usual Suspects,Action,1995,csv/banner/The Usual Suspects.jpg
The Final Cut, Science Fiction/Thriller,2004,csv/banner/The Final Cut.jpg
